{
  "build": {
    "beforeDevCommand": "npm run dev",
    "beforeBuildCommand": "npm run build",
    "devPath": "http://localhost:1420",
    "distDir": "../dist",
    "withGlobalTauri": false
  },
  "package": {
    "productName": "BetterBlooket",
    "version": "0.0.0"
  },
  "tauri": {
    "allowlist": {
      "all": false,
      "shell": {
        "all": false,
        "open": true
      },
      "http": {
        "all": true,
        "request": false,
        "scope": [
          "https://*"
        ]
      }
    },
    "bundle": {
      "active": true,
      "targets": "all",
      "identifier": "com.oneminesraft2.jod",
      "icon": [
        "icons/32x32.png",
        "icons/128x128.png",
        "icons/128x128@2x.png",
        "icons/icon.icns",
        "icons/icon.ico"
      ]
    },
    "security": {
      "csp": null
    },
    "windows": [
      {
        "fullscreen": false,
        "resizable": true,
        "title": "BetterBlooket",
        "label": "main",
        "width": 1200,
        "height": 675
      }
    ]
  }
}
